Time (%),Total Time (ns),Num Calls,Avg (ns),Med (ns),Min (ns),Max (ns),StdDev (ns),Name
33.4,11632836000,1152,10097947.9,10861056.0,3424,51939200,7821731.4,cudaStreamSynchronize
28.5,9929067424,576,17237964.3,5035008.0,39520,494807520,34497314.7,cuLibraryLoadData
13.4,4668745312,7650,610293.5,569280.0,15744,98312416,1272049.4,cudaMemcpy
13.0,4548912320,363,12531438.9,241952.0,8320,3803765312,199825893.6,cudaMalloc
3.1,1096547488,347,3160079.2,232768.0,6560,790266624,42709016.4,cudaFree
2.7,957607680,98412,9730.6,7584.0,1568,9559808,40551.4,cudaLaunchKernel
1.9,677894880,16459,41186.9,9792.0,4480,29031456,351602.2,cudaMemcpyAsync
1.0,359680160,304,1183158.4,271104.0,68384,15410592,2044096.8,cudaGraphLaunch_v10000
0.6,205544384,18,11419132.4,33520.0,3616,205051968,48324389.4,cudaMemGetInfo
0.5,173364704,43561,3979.8,1632.0,736,2756128,29848.5,cudaEventRecord
0.4,149229600,13531,11028.7,3328.0,1344,3538208,96913.9,cudaEventSynchronize
0.3,121818688,11,11074426.2,494080.0,305024,55589632,19265417.3,cudaGraphInstantiate_v12000
0.2,69260288,27198,2546.5,1344.0,768,1154048,11387.9,cudaStreamWaitEvent
0.2,64155840,7092,9046.2,5760.0,2912,1317408,19472.9,cudaMemsetAsync
0.1,44367936,11,4033448.7,130784.0,66976,35298720,10605180.6,cudaGraphExecDestroy_v10000
0.1,41239360,49,841619.6,86560.0,8640,22010208,3148526.8,cudaFreeHost
0.1,37182208,80,464777.6,19408.0,5600,13837728,1583555.1,cudaHostAlloc
0.1,23099712,11,2099973.8,11584.0,5312,22975680,6923690.4,cudaStreamBeginCapture_v10000
0.1,18740384,21,892399.2,21824.0,2496,11743424,2695307.8,cudaDeviceSynchronize
0.1,17572512,1560,11264.4,9984.0,7232,248448,10450.7,cuLaunchKernel
0.0,7721664,10,772166.4,95040.0,55328,5195648,1648038.4,cudaGraphUpload_v10000
0.0,5111296,11,464663.3,45152.0,23104,2981760,969023.4,cudaGraphDestroy_v10000
0.0,3296832,1560,2113.4,1568.0,608,39168,1674.5,cuKernelGetFunction
0.0,2036256,1072,1899.5,1696.0,768,28512,1471.7,cudaEventDestroy
0.0,1281728,1066,1202.4,704.0,640,30176,2155.9,cudaEventCreateWithFlags
0.0,739264,11,67205.8,6848.0,3520,346400,135375.3,cudaStreamEndCapture_v10000
0.0,732512,812,902.1,384.0,96,405504,14223.2,cuGetProcAddress_v2
0.0,413824,4,103456.0,95056.0,84000,139712,24746.6,cudaMemset
0.0,176160,9,19573.3,16480.0,3744,61184,17948.0,cudaStreamCreateWithFlags
0.0,71776,7,10253.7,8352.0,4192,19040,5435.2,cudaStreamDestroy
0.0,56352,14,4025.1,4272.0,2752,5312,787.6,cuLibraryGetKernel
0.0,46816,8,5852.0,3040.0,2400,13056,4446.3,cudaEventCreate
0.0,24032,3,8010.7,8640.0,4384,11008,3356.5,cuInit
0.0,7808,2,3904.0,3904.0,1952,5856,2760.5,cudaGetDriverEntryPoint_v11030
0.0,5152,3,1717.3,576.0,448,4128,2088.7,cuModuleGetLoadingMode
