Time (%),Total Time (ns),Instances,Avg (ns),Med (ns),Min (ns),Max (ns),StdDev (ns),Name
23.3,5699600032,2048,2783007.8,2525936.0,201792,16665888,2533186.3,"void strata::kernels::<unnamed>::dequant_kernel<(int)14, strata::kernels::<unnamed>::H16>(const unsigned char *, long, long, long, long, long, T2 *)"
8.1,1982790014,8640,229489.6,5247.0,2272,93080800,1800307.4,"strata::kernels::<unnamed>::wait_flag_ge_kernel(const volatile unsigned int *, unsigned int)"
7.3,1787988096,560,3192835.9,2805056.0,204512,16938496,3008766.6,"void strata::kernels::<unnamed>::dequant_kernel<(int)13, strata::kernels::<unnamed>::H16>(const unsigned char *, long, long, long, long, long, T2 *)"
6.1,1483571584,43920,33779.0,32320.0,15584,91392,9005.6,"strata::prefill::mmq::<unnamed>::copy16_kernel(const uint4 *, long, const uint4 *, long, uint4 *, const uint4 *, long, uint4 *)"
5.0,1236265664,752,1643970.3,405056.0,249408,15166624,2117162.4,"void strata::kernels::<unnamed>::dequant_kernel<(int)12, strata::kernels::<unnamed>::H16>(const unsigned char *, long, long, long, long, long, T2 *)"
4.4,1083972352,672,1613054.1,377232.0,209536,20372704,2267581.4,"void strata::kernels::<unnamed>::dequant_kernel<(int)23, strata::kernels::<unnamed>::H16>(const unsigned char *, long, long, long, long, long, T2 *)"
3.2,779668951,2436,320061.1,221951.0,137535,5296416,765590.7,"void strata::kernels::<unnamed>::native_mmvq_il_kernel<strata::kernels::<unnamed>::IlQ6K, (int)4, (int)1>(const T1::F::Block *, const int *, const float *, float *, int, int)"
2.5,603184913,5646,106834.0,107039.0,75615,333696,9814.6,"void strata::kernels::<unnamed>::gr_up_multi_kernel<(int)4, (bool)1>(strata::kernels::<unnamed>::GrMulti)"
2.1,505104637,4680,107928.3,24239.5,3104,349375,109240.6,"void strata::kernels::<unnamed>::native_down_multi_kernel<(int)20, (bool)1>(const unsigned long long *, const int *, const int *, const int *, const block_q8_1 *, strata::kernels::NativeExpertLayout, float *)"
2.0,478525167,5046,94832.6,33504.0,22816,257375,72484.9,"void strata::kernels::<unnamed>::native_mmvq_multi_kernel<strata::kernels::<unnamed>::Q6KTraits, (int)4, (int)4, (int)2, (bool)0, (bool)0>(const T1::Block *, const strata::kernels::<unnamed>::Q81Block *, float *, int, int, const T1::Block *, float *)"
1.6,399631006,5642,70831.4,70431.0,66303,275936,5168.5,"void strata::kernels::<unnamed>::gr_down_staged_kernel<(int)4, (bool)1>(strata::kernels::<unnamed>::GrMulti)"
1.6,392068019,432,907564.9,199999.0,12896,4903936,977187.0,"void strata::kernels::<unnamed>::native_q6_k_mmvq_kernel<(bool)0>(const strata::kernels::<unnamed>::Q6KBlock *, const strata::kernels::<unnamed>::Q81Block *, float *, int, int)"
1.5,376673749,2400,156947.4,33952.0,2880,538591,159019.4,"void strata::kernels::<unnamed>::native_gu_multi_kernel<(int)22, (bool)1, (bool)1>(const unsigned long long *, const int *, const int *, const int *, const block_q8_1 *, strata::kernels::NativeExpertLayout, float *, float *)"
1.5,363336351,2040,178106.1,40847.5,2848,634943,182660.3,"void strata::kernels::<unnamed>::native_gu_multi_kernel<(int)18, (bool)0, (bool)1>(const unsigned long long *, const int *, const int *, const int *, const block_q8_1 *, strata::kernels::NativeExpertLayout, float *, float *)"
1.3,318669760,11232,28371.6,28128.0,27904,56032,1908.1,"strata::kernels::<unnamed>::router_top10_kernel(const float *, int, int, int, int *, float *)"
1.2,293685408,744,394738.5,338336.0,321056,1158720,124875.8,ampere_s16816gemm_fp16_128x64_ldg8_stages_64x3_tn
1.1,272356864,752,362176.7,326976.0,255488,1108704,136127.5,"void strata::kernels::<unnamed>::dequant_kernel<(int)20, strata::kernels::<unnamed>::H16>(const unsigned char *, long, long, long, long, long, T2 *)"
1.0,254521120,284,896201.1,773008.0,74368,2857728,512203.7,"void mul_mat_q<(ggml_type)22, (int)64, (bool)0>(const char *, const int *, const int *, const int *, float *, float *, const float *, uint3, int, int, int, int, int, uint3, uint3, int, int, int, uint3, uint3, int, int, int, uint3)"
1.0,235041408,523,449410.0,386848.0,44832,1352448,219009.5,"void mul_mat_q<(ggml_type)20, (int)64, (bool)0>(const char *, const int *, const int *, const int *, float *, float *, const float *, uint3, int, int, int, int, int, uint3, uint3, int, int, int, uint3, uint3, int, int, int, uint3)"
0.9,223436426,1200,186197.0,64080.0,2880,508543,188393.4,"void strata::kernels::<unnamed>::native_gu_multi_kernel<(int)21, (bool)0, (bool)1>(const unsigned long long *, const int *, const int *, const int *, const block_q8_1 *, strata::kernels::NativeExpertLayout, float *, float *)"
0.8,195678060,1044,187431.1,229407.0,118431,342207,50277.5,"void strata::kernels::<unnamed>::native_mmvq_il_kernel<strata::kernels::<unnamed>::IlQ5K, (int)4, (int)1>(const T1::F::Block *, const int *, const float *, float *, int, int)"
0.8,192185312,768,250241.3,220768.0,213280,651744,68945.4,ampere_s16816gemm_fp16_128x64_ldg8_stages_64x4_tn
0.7,181377984,233,778446.3,659616.0,64640,2226176,372997.0,"void mul_mat_q<(ggml_type)18, (int)64, (bool)0>(const char *, const int *, const int *, const int *, float *, float *, const float *, uint3, int, int, int, int, int, uint3, uint3, int, int, int, uint3, uint3, int, int, int, uint3)"
0.7,174412896,576,302800.2,264704.0,217088,858656,118652.0,"strata::prefill::<unnamed>::gdn_rec_cols_pipe_kernel(float *, const float *, const float *, const float *, float *, long)"
0.6,135209613,1080,125194.1,31360.0,4864,387807,124588.9,"void strata::kernels::<unnamed>::native_down_multi_kernel<(int)42, (bool)1>(const unsigned long long *, const int *, const int *, const int *, const block_q8_1 *, strata::kernels::NativeExpertLayout, float *)"
0.5,134218656,477,281380.8,250816.0,43936,864896,107638.7,"void mul_mat_q<(ggml_type)20, (int)40, (bool)0>(const char *, const int *, const int *, const int *, float *, float *, const float *, uint3, int, int, int, int, int, uint3, uint3, int, int, int, uint3, uint3, int, int, int, uint3)"
0.5,129346560,315,410624.0,365696.0,35968,1151872,179019.1,"void mul_mat_q<(ggml_type)20, (int)48, (bool)0>(const char *, const int *, const int *, const int *, float *, float *, const float *, uint3, int, int, int, int, int, uint3, uint3, int, int, int, uint3, uint3, int, int, int, uint3)"
0.5,126197088,482,261819.7,247984.0,31168,793664,93756.4,"void mul_mat_q<(ggml_type)20, (int)32, (bool)0>(const char *, const int *, const int *, const int *, float *, float *, const float *, uint3, int, int, int, int, int, uint3, uint3, int, int, int, uint3, uint3, int, int, int, uint3)"
0.5,122144448,504,242350.1,202944.0,196896,631968,82987.7,ampere_s16816gemm_fp16_128x64_ldg8_stages_32x6_tn
0.5,119608230,986,121306.5,110063.0,92607,322655,33002.8,"void strata::kernels::<unnamed>::native_mmvq_il_kernel<strata::kernels::<unnamed>::IlQ4K, (int)4, (int)1>(const T1::F::Block *, const int *, const float *, float *, int, int)"
0.5,118496480,2718,43596.9,57440.0,7616,303936,30548.0,ampere_s16816gemm_bf16_128x64_ldg8_stages_64x4_tn
0.5,116859104,218,536050.9,511728.0,161856,1397856,177612.0,"void mul_mat_q<(ggml_type)22, (int)40, (bool)0>(const char *, const int *, const int *, const int *, float *, float *, const float *, uint3, int, int, int, int, int, uint3, uint3, int, int, int, uint3, uint3, int, int, int, uint3)"
0.5,116437403,894,130243.2,130592.0,90944,225791,19027.8,"void strata::kernels::<unnamed>::attn_chunk_kernel<(int)0, (bool)0>(const float *, strata::kernels::QsaAttnPools, const int *, const int *, int, int, float, float *, float *, float *, int, int, long long)"
0.5,110643904,148,747593.9,667408.0,74720,1981536,346139.4,"void mul_mat_q<(ggml_type)18, (int)48, (bool)0>(const char *, const int *, const int *, const int *, float *, float *, const float *, uint3, int, int, int, int, int, uint3, uint3, int, int, int, uint3, uint3, int, int, int, uint3)"
0.4,109977856,136,808660.7,738384.0,236160,1885216,311451.7,"void mul_mat_q<(ggml_type)21, (int)64, (bool)0>(const char *, const int *, const int *, const int *, float *, float *, const float *, uint3, int, int, int, int, int, uint3, uint3, int, int, int, uint3, uint3, int, int, int, uint3)"
0.4,108357280,219,494782.1,469376.0,127840,1505056,179649.0,"void mul_mat_q<(ggml_type)18, (int)32, (bool)0>(const char *, const int *, const int *, const int *, float *, float *, const float *, uint3, int, int, int, int, int, uint3, uint3, int, int, int, uint3, uint3, int, int, int, uint3)"
0.4,107929714,2726,39592.7,39360.0,35808,59552,1447.6,"void strata::kernels::<unnamed>::native_mmvq_multi_kernel<strata::kernels::<unnamed>::SmallTraits<strata::kernels::<unnamed>::IQ4NLBlock, (int)4>, (int)4, (int)4, (int)2, (bool)0, (bool)0>(const T1::Block *, const strata::kernels::<unnamed>::Q81Block *, float *, int, int, const T1::Block *, float *)"
0.4,105847424,198,534582.9,457760.0,73472,1613216,241090.2,"void mul_mat_q<(ggml_type)18, (int)40, (bool)0>(const char *, const int *, const int *, const int *, float *, float *, const float *, uint3, int, int, int, int, int, uint3, uint3, int, int, int, uint3, uint3, int, int, int, uint3)"
0.4,105422441,11728,8989.0,7584.0,2848,527743,6590.2,"void strata::kernels::<unnamed>::bf16_f32_mmvf_kernel<(int)256>(const float *, const unsigned short *, float *, int)"
0.4,105247968,195,539733.2,516352.0,52576,1317184,192941.0,"void mul_mat_q<(ggml_type)22, (int)32, (bool)0>(const char *, const int *, const int *, const int *, float *, float *, const float *, uint3, int, int, int, int, int, uint3, uint3, int, int, int, uint3, uint3, int, int, int, uint3)"
0.4,104313568,1504,69357.4,61472.0,55072,192736,20273.0,"strata::prefill::<unnamed>::gr_write_norm_rs_kernel(float *, const float *, const float *, long, const float *, float, float *, unsigned short *, unsigned short *, long)"
0.4,100659392,235,428337.8,396736.0,34784,1126624,171468.9,"void mul_mat_q<(ggml_type)18, (int)24, (bool)0>(const char *, const int *, const int *, const int *, float *, float *, const float *, uint3, int, int, int, int, int, uint3, uint3, int, int, int, uint3, uint3, int, int, int, uint3)"
0.4,98641344,1550,63639.6,55824.0,50496,175840,19995.2,ampere_s16816gemm_bf16_128x64_ldg8_stages_64x3_tn
0.4,96706528,426,227010.6,210128.0,33920,586016,90488.5,"void mul_mat_q<(ggml_type)20, (int)24, (bool)0>(const char *, const int *, const int *, const int *, float *, float *, const float *, uint3, int, int, int, int, int, uint3, uint3, int, int, int, uint3, uint3, int, int, int, uint3)"
0.4,95413952,157,607732.2,533568.0,219392,1404192,236076.0,"void mul_mat_q<(ggml_type)21, (int)40, (bool)0>(const char *, const int *, const int *, const int *, float *, float *, const float *, uint3, int, int, int, int, int, uint3, uint3, int, int, int, uint3, uint3, int, int, int, uint3)"
0.4,94943680,111,855348.5,768512.0,164800,1905216,345550.8,"void mul_mat_q<(ggml_type)22, (int)48, (bool)0>(const char *, const int *, const int *, const int *, float *, float *, const float *, uint3, int, int, int, int, int, uint3, uint3, int, int, int, uint3, uint3, int, int, int, uint3)"
0.4,93145934,754,123535.7,96383.0,93887,266815,36219.1,"void strata::kernels::<unnamed>::native_mmvq_il_kernel<strata::kernels::<unnamed>::IlIQ4XS, (int)4, (int)1>(const T1::F::Block *, const int *, const float *, float *, int, int)"
0.4,89728530,4292,20906.0,9216.0,3520,808959,58145.7,"void strata::kernels::<unnamed>::bf16_f32_mmvf_multi_kernel<(int)256, (int)4, (bool)1>(const float *, long, const unsigned short *, float *, long, int, int)"
0.4,86045057,2088,41209.3,39488.0,28447,86080,6564.8,"void strata::kernels::<unnamed>::gdn_step_commit_kernel<(bool)0>(float *, const float *, int, const float *, const float *, int, int, const int *, int)"
0.3,83089976,2088,39794.0,39711.0,38815,53887,979.1,"void strata::kernels::<unnamed>::gdn_step_norm_multi_kernel<(bool)1, (bool)0>(float *, const float *, int, const float *, const float *, const float *, const float *, float, float *, int, int, int, const int *, int, strata::kernels::<unnamed>::GdnQ81 *)"
0.3,80666455,1110,72672.5,20047.0,13376,259520,82232.8,"void strata::kernels::<unnamed>::native_small_mmvq_kernel<strata::kernels::<unnamed>::Q80Block, (int)8, (bool)0>(const T1 *, const strata::kernels::<unnamed>::Q81Block *, float *, int, int)"
0.3,77843424,192,405434.5,387856.0,64352,852352,185273.6,"void strata::kernels::<unnamed>::prompt_attn_kernel<(int)0>(const float *, strata::kernels::QsaAttnPools, const int *, const int *, int, int, float, float *, int)"
0.3,75586688,1550,48765.6,44464.0,39488,114368,11714.8,"strata::prefill::<unnamed>::gr_mix_r_kernel(const float *, const float *, const float *, const float *, float *, unsigned short *, long, unsigned short *, unsigned short *)"
0.3,72241376,136,531186.6,492144.0,93088,1315648,187931.9,"void mul_mat_q<(ggml_type)21, (int)32, (bool)0>(const char *, const int *, const int *, const int *, float *, float *, const float *, uint3, int, int, int, int, int, uint3, uint3, int, int, int, uint3, uint3, int, int, int, uint3)"
0.3,69131232,98,705420.7,661760.0,54720,1683808,309300.4,"void mul_mat_q<(ggml_type)21, (int)48, (bool)0>(const char *, const int *, const int *, const int *, float *, float *, const float *, uint3, int, int, int, int, int, uint3, uint3, int, int, int, uint3, uint3, int, int, int, uint3)"
0.3,68880896,148,465411.5,422976.0,82240,1232416,190424.9,"void mul_mat_q<(ggml_type)21, (int)24, (bool)0>(const char *, const int *, const int *, const int *, float *, float *, const float *, uint3, int, int, int, int, int, uint3, uint3, int, int, int, uint3, uint3, int, int, int, uint3)"
0.3,61940736,160,387129.6,336800.0,40384,1287264,213928.3,"void mul_mat_q<(ggml_type)42, (int)64, (bool)0>(const char *, const int *, const int *, const int *, float *, float *, const float *, uint3, int, int, int, int, int, uint3, uint3, int, int, int, uint3, uint3, int, int, int, uint3)"
0.2,59295392,3913,15153.4,7424.0,2592,130944,17122.9,"void quantize_mmq_q8_1<(mmq_q8_1_ds_layout)0, (bool)0>(const float *, const int *, void *, long, long, long, long, long, int, int, int)"
0.2,54441408,119,457490.8,436480.0,60384,1150048,176429.0,"void mul_mat_q<(ggml_type)22, (int)24, (bool)0>(const char *, const int *, const int *, const int *, float *, float *, const float *, uint3, int, int, int, int, int, uint3, uint3, int, int, int, uint3, uint3, int, int, int, uint3)"
0.2,47702461,6396,7458.2,7232.0,4736,38431,2204.3,strata::kernels::<unnamed>::gr_norm_split_kernel(strata::kernels::<unnamed>::GrMulti)
0.2,47565984,272,174874.9,181808.0,20032,509856,88050.4,"void mul_mat_q<(ggml_type)20, (int)16, (bool)0>(const char *, const int *, const int *, const int *, float *, float *, const float *, uint3, int, int, int, int, int, uint3, uint3, int, int, int, uint3, uint3, int, int, int, uint3)"
0.2,47007072,1682,27947.1,27328.0,20448,43040,2416.7,"void strata::kernels::<unnamed>::native_mmvq_multi_kernel<strata::kernels::<unnamed>::IQ4XSTraits, (int)4, (int)4, (int)2, (bool)0, (bool)0>(const T1::Block *, const strata::kernels::<unnamed>::Q81Block *, float *, int, int, const T1::Block *, float *)"
0.2,45930528,1920,23922.2,21184.0,14496,71072,8857.6,ampere_s16816gemm_fp16_64x64_sliced1x2_ldg8_stages_64x6_tn
0.2,45350560,1740,26063.5,24496.0,21088,41792,3377.5,"void strata::kernels::<unnamed>::native_mmvq_multi_kernel<strata::kernels::<unnamed>::Q4KTraits, (int)4, (int)4, (int)2, (bool)0, (bool)0>(const T1::Block *, const strata::kernels::<unnamed>::Q81Block *, float *, int, int, const T1::Block *, float *)"
0.2,43278880,125,346231.0,366176.0,34240,1007520,181667.1,"void mul_mat_q<(ggml_type)18, (int)16, (bool)0>(const char *, const int *, const int *, const int *, float *, float *, const float *, uint3, int, int, int, int, int, uint3, uint3, int, int, int, uint3, uint3, int, int, int, uint3)"
0.2,43160288,1536,28099.1,24960.0,20768,76960,9533.2,void cutlass::Kernel2<cutlass_80_tensorop_s16816gemm_bf16_64x64_32x6_tn_align2>(T1::Params)
0.2,42027849,686,61265.1,56959.0,50015,158656,12464.0,"void strata::kernels::<unnamed>::gr_up_multi_kernel<(int)1, (bool)1>(strata::kernels::<unnamed>::GrMulti)"
0.2,41105216,768,53522.4,48480.0,44320,135360,13985.7,"strata::prefill::<unnamed>::moe_combine4_kernel(const float *, const int *, const float *, const float4 *, const float *, float4 *, long)"
0.2,40687392,3089,13171.7,11232.0,2272,72160,6972.3,"strata::prefill::mmq::<unnamed>::swiglu_kernel(const float *, float *, long, long, bool)"
0.2,39527058,174,227167.0,226847.0,224287,240415,2245.9,"void strata::kernels::<unnamed>::native_mmvq_il_kernel<strata::kernels::<unnamed>::IlQ5K, (int)4, (int)2>(const T1::F::Block *, const int *, const float *, float *, int, int)"
0.2,37715776,576,65478.8,60512.0,53664,179488,15401.6,"strata::prefill::<unnamed>::gdn_conv_kernel(float *, const float *, const float *, float *, long)"
0.2,37169664,106,350657.2,348176.0,35808,880512,168506.3,"void mul_mat_q<(ggml_type)22, (int)16, (bool)0>(const char *, const int *, const int *, const int *, float *, float *, const float *, uint3, int, int, int, int, int, uint3, uint3, int, int, int, uint3, uint3, int, int, int, uint3)"
0.1,32534364,682,47704.3,43263.0,41503,140032,10270.9,"void strata::kernels::<unnamed>::gr_down_staged_kernel<(int)1, (bool)1>(strata::kernels::<unnamed>::GrMulti)"
0.1,31971424,5198,6150.7,5664.0,3040,20416,2231.6,"void cublasLt::splitKreduce_kernel<(int)32, (int)16, int, float, float, float, float, (bool)1, (bool)0, (bool)0>(cublasLt::cublasSplitKParams<T6>, const T4 *, const T5 *, T5 *, const T6 *, const T6 *, const T7 *, const T4 *, T7 *, void *, long, T6 *, int *)"
0.1,28715456,71,404443.0,400128.0,35552,1101056,167078.9,"void mul_mat_q<(ggml_type)21, (int)16, (bool)0>(const char *, const int *, const int *, const int *, float *, float *, const float *, uint3, int, int, int, int, int, uint3, uint3, int, int, int, uint3, uint3, int, int, int, uint3)"
0.1,27771712,2088,13300.6,13056.0,11584,20224,1195.6,"void strata::kernels::<unnamed>::gdn_ab_multi_kernel<(int)4, (bool)1>(const float *, const unsigned short *, const unsigned short *, const float *, const float *, float *, float *, int, int, int)"
0.1,26860403,5760,4663.3,4079.5,1600,10752,2531.9,"strata::kernels::<unnamed>::swiglu_q8_1_entries_kernel(const float *, const float *, const int *, const int *, int, block_q8_1 *)"
0.1,25648992,99,259080.7,229632.0,56160,657792,123193.7,"void mul_mat_q<(ggml_type)42, (int)40, (bool)0>(const char *, const int *, const int *, const int *, float *, float *, const float *, uint3, int, int, int, int, int, uint3, uint3, int, int, int, uint3, uint3, int, int, int, uint3)"
0.1,25454859,9906,2569.6,2367.0,1408,14112,1132.5,"strata::kernels::<unnamed>::native_quantize_q8_1_kernel(const float *, strata::kernels::<unnamed>::Q81Block *, int)"
0.1,23197024,812,28567.8,27728.0,18752,39296,5183.9,"void strata::kernels::<unnamed>::native_mmvq_multi_kernel<strata::kernels::<unnamed>::Q5KTraits, (int)4, (int)4, (int)2, (bool)0, (bool)0>(const T1::Block *, const strata::kernels::<unnamed>::Q81Block *, float *, int, int, const T1::Block *, float *)"
0.1,22593120,576,39224.2,35520.0,31360,90496,10664.0,"strata::prefill::<unnamed>::gdn_out_norm_kernel(const float *, const float *, float, float *, unsigned short *, long)"
0.1,22540256,2880,7826.5,8576.0,2208,12064,1991.1,"strata::kernels::copy_rows_from_mapped_kernel(float4 *, const volatile float4 *, long, const int *, const int *)"
0.1,21626112,30,720870.4,639728.0,468128,1393312,277039.7,"void mul_mat_q<(ggml_type)23, (int)64, (bool)0>(const char *, const int *, const int *, const int *, float *, float *, const float *, uint3, int, int, int, int, int, uint3, uint3, int, int, int, uint3, uint3, int, int, int, uint3)"
0.1,20022336,960,20856.6,19280.0,13312,55584,6086.9,ampere_s16816gemm_bf16_128x64_ldg8_stages_32x6_tn
0.1,19521318,120,162677.6,55328.0,2880,388927,164634.9,"void strata::kernels::<unnamed>::native_gu_multi_kernel<(int)23, (bool)0, (bool)1>(const unsigned long long *, const int *, const int *, const int *, const block_q8_1 *, strata::kernels::NativeExpertLayout, float *, float *)"
0.1,19172064,2880,6657.0,6784.0,4384,15168,1219.1,"strata::kernels::doorbell_publish_res_kernel(const float *, const int *, const int *, int, int, int, float *, int *, unsigned int *)"
0.1,18612288,2880,6462.6,6560.0,2144,9792,752.0,"strata::kernels::<unnamed>::add_hits_kernel(float *, const float *, const int *, const int *, int)"
0.1,18480192,768,24062.8,21392.0,16096,72128,8341.7,ampere_s16816gemm_fp16_256x64_ldg8_stages_64x3_tn
0.1,16707712,72,232051.6,227024.0,63264,556352,76427.0,"void mul_mat_q<(ggml_type)42, (int)32, (bool)0>(const char *, const int *, const int *, const int *, float *, float *, const float *, uint3, int, int, int, int, int, uint3, uint3, int, int, int, uint3, uint3, int, int, int, uint3)"
0.1,15117906,3118,4848.6,4784.0,1632,9344,854.0,"strata::kernels::copy_i32_from_mapped_kernel(int *, const volatile int *, int)"
0.1,14727232,3054,4822.3,4768.0,1856,11520,787.5,"strata::kernels::<unnamed>::sigmoid_scale_rows_vec4_kernel(float4 *, const float *, int)"
0.1,14700512,244,60248.0,71311.0,17280,98015,21957.4,"void strata::kernels::<unnamed>::native_mmvq_multi_kernel<strata::kernels::<unnamed>::SmallTraits<strata::kernels::<unnamed>::Q80Block, (int)8>, (int)4, (int)4, (int)2, (bool)0, (bool)0>(const T1::Block *, const strata::kernels::<unnamed>::Q81Block *, float *, int, int, const T1::Block *, float *)"
0.1,14549632,76,191442.5,187968.0,20384,396768,67110.2,"void mul_mat_q<(ggml_type)42, (int)24, (bool)0>(const char *, const int *, const int *, const int *, float *, float *, const float *, uint3, int, int, int, int, int, uint3, uint3, int, int, int, uint3, uint3, int, int, int, uint3)"
0.1,14476399,2160,6702.0,6623.0,4511,10048,463.7,"strata::kernels::<unnamed>::gdn_conv_l2_multi_kernel(float *, const float *, const float *, float *, int, int, float, int, bool)"
0.1,14346496,72,199256.9,198112.0,193888,214336,4994.0,ampere_s16816gemm_fp16_256x64_ldg8_tn
0.1,13821184,48,287941.3,261296.0,50560,666496,154994.4,"void mul_mat_q<(ggml_type)42, (int)48, (bool)0>(const char *, const int *, const int *, const int *, float *, float *, const float *, uint3, int, int, int, int, int, uint3, uint3, int, int, int, uint3, uint3, int, int, int, uint3)"
0.1,13607186,3054,4455.5,4512.0,1664,9983,628.6,"strata::kernels::<unnamed>::native_swiglu_quantize_q8_1_kernel(const float *, const float *, strata::kernels::<unnamed>::Q81Block *, int)"
0.1,13351168,32,417224.0,341920.0,142048,788256,230621.5,"void strata::kernels::<unnamed>::gr_down_multi_kernel<(int)2560, (int)8>(strata::kernels::<unnamed>::GrMulti)"
0.1,13040302,112,116431.3,107503.0,96159,154303,22402.4,"void strata::kernels::<unnamed>::native_mmvq_multi_kernel<strata::kernels::<unnamed>::SmallTraits<strata::kernels::<unnamed>::Q80Block, (int)8>, (int)8, (int)4, (int)2, (bool)0, (bool)0>(const T1::Block *, const strata::kernels::<unnamed>::Q81Block *, float *, int, int, const T1::Block *, float *)"
0.0,12200310,2088,5843.1,4832.0,3584,28479,3060.7,"strata::kernels::<unnamed>::gdn_conv_commit_kernel(float *, const float *, int, const int *)"
0.0,11765920,618,19038.7,10384.0,5248,108832,16014.7,"strata::prefill::<unnamed>::rms_rows_kernel(float *, const float *, long, long, float)"
0.0,11647328,3072,3791.4,3552.0,2176,11552,1127.0,"strata::prefill::<unnamed>::copy_i32_kernel(int *, const int *, long)"
0.0,11194176,174,64334.3,64111.0,59615,79936,3302.1,"strata::kernels::<unnamed>::gu_grouped_t_kernel(const unsigned long long *, const int *, const int *, const int *, const unsigned char *, const float *, float *, int)"
0.0,11150048,1,11150048.0,11150048.0,11150048,11150048,0.0,"void strata::kernels::<unnamed>::gather_rows_kernel<unsigned int>(const T1 *, long long, const int *, long long, T1 *)"
0.0,10978560,576,19060.0,16800.0,13984,49760,6588.8,"strata::prefill::<unnamed>::gdn_l2_kernel(float *, float)"
0.0,10827493,894,12111.3,11360.0,6112,70784,7140.6,"strata::kernels::<unnamed>::attn_merge_kernel(const float *, const float *, const float *, int, float *, long long)"
0.0,10127264,41,247006.4,284256.0,27744,847584,192474.2,"void mul_mat_q<(ggml_type)18, (int)8, (bool)0>(const char *, const int *, const int *, const int *, float *, float *, const float *, uint3, int, int, int, int, int, uint3, uint3, int, int, int, uint3, uint3, int, int, int, uint3)"
0.0,10041687,3176,3161.7,2432.0,1952,27360,2007.0,"strata::kernels::<unnamed>::kv_append_kernel(unsigned short *, unsigned short *, const int *, const int *, const float *, const float *, int, int, int, strata::kernels::KvHostPools)"
0.0,9920477,2472,4013.1,4031.0,2368,17248,1379.8,"void strata::kernels::<unnamed>::norm_rope_kernel<(bool)0>(const float *, int, const float *, float *, int, int, float, float, float, float, float, float, float, const int *, const int *, strata::kernels::RopeTab)"
0.0,9882240,2880,3431.3,3200.0,2272,9056,534.0,"strata::kernels::<unnamed>::fetch_blobs_kernel(const unsigned long long *, const int *, uint4 *, long long)"
0.0,9456832,24,394034.7,389680.0,380288,423904,13221.7,void cutlass::Kernel2<cutlass_80_tensorop_s16816gemm_f16_256x64_32x4_tn_align8>(T1::Params)
0.0,9186528,2880,3189.8,3136.0,1888,5888,415.3,"strata::kernels::<unnamed>::quantize_q8_1_kernel(const float *, block_q8_1 *, long long)"
0.0,9136576,768,11896.6,11040.0,7808,28704,2764.0,"std::enable_if<!T7, void>::type internal::gemvx::kernel<int, int, __nv_bfloat16, float, float, float, (bool)0, (bool)1, (bool)1, (bool)0, (int)7, (bool)0, cublasGemvParamsEx<int, cublasGemvTensorStridedBatched<const __nv_bfloat16>, cublasGemvTensorStridedBatched<const float>, cublasGemvTensorStridedBatched<float>, float>>(T13)"
0.0,8662233,3054,2836.4,2592.0,2272,11488,611.7,"strata::kernels::<unnamed>::combine_k10_vec4(const float4 *, const float *, const float4 *, float4 *, long)"
0.0,8231776,2880,2858.3,2944.0,1184,5344,745.5,"strata::kernels::<unnamed>::rebase_ptrs_kernel(unsigned long long *, const int *, unsigned long long, long long)"
0.0,8105792,88,92111.3,49328.0,17824,423456,79690.0,"void mul_mat_q<(ggml_type)20, (int)8, (bool)0>(const char *, const int *, const int *, const int *, float *, float *, const float *, uint3, int, int, int, int, int, uint3, uint3, int, int, int, uint3, uint3, int, int, int, uint3)"
0.0,8061792,16,503862.0,400976.0,352320,1172672,231238.3,ampere_s16816gemm_bf16_128x128_ldg8_stages_32x5_tn
0.0,8046016,174,46241.5,44960.0,43776,62080,3688.9,"strata::kernels::<unnamed>::down_grouped_t_kernel(const unsigned long long *, const int *, const int *, const int *, const unsigned char *, const float *, float *)"
0.0,7909184,768,10298.4,9200.0,6944,29216,3732.1,"void strata::prefill::<unnamed>::route_kernel<(int)8>(const float *, int *, float *, long)"
0.0,7857120,192,40922.5,36800.0,31264,101568,11418.4,"strata::prefill::<unnamed>::gate_attn_kernel(const float *, const float *, unsigned short *, long, long)"
0.0,7459168,1550,4812.4,4512.0,3360,12064,1344.0,"strata::prefill::<unnamed>::gr_silu_kernel(const float *, unsigned short *, unsigned short *, long)"
0.0,7342422,70,104891.7,98335.0,11072,288031,85864.0,"void strata::kernels::<unnamed>::native_q5_k_mmvq_kernel<(bool)0>(const strata::kernels::<unnamed>::Q5KBlock *, const strata::kernels::<unnamed>::Q81Block *, float *, int, int)"
0.0,7341635,1416,5184.8,4544.0,2400,24543,2183.8,"void strata::kernels::<unnamed>::append<(bool)0>(const float *, const int *, int, int, int, const float *, float, float *, float *, float *, int *, int, float, float, float, float, float, float, const int *, strata::kernels::RopeTab)"
0.0,6901984,3306,2087.7,1920.0,1632,3936,336.7,"strata::kernels::<unnamed>::native_q8_1_interleave_kernel(const strata::kernels::<unnamed>::Q81Block *, int *, int *, float *, int, int, int)"
0.0,6814112,720,9464.0,9536.0,5600,14048,616.5,"strata::kernels::<unnamed>::block_scores_multi_kernel(const float *, const float *, const float *, const int *, int, long, float *, bool)"
0.0,6764533,1710,3955.9,4064.0,2240,12671,1113.1,"strata::kernels::copy_from_mapped_kernel(float4 *, const volatile float4 *, long)"
0.0,6588832,12,549069.3,547680.0,498336,600768,39710.7,"void strata::kernels::<unnamed>::gr_up_multi_kernel<(int)8, (bool)0>(strata::kernels::<unnamed>::GrMulti)"
0.0,6153312,16,384582.0,343872.0,253120,814400,154756.0,"void strata::kernels::<unnamed>::dequant_kernel<(int)8, strata::kernels::<unnamed>::H16>(const unsigned char *, long, long, long, long, long, T2 *)"
0.0,5969920,768,7773.3,7200.0,5408,18400,1840.4,"strata::prefill::<unnamed>::swiglu_pair_kernel(const float *, const float *, unsigned short *, long)"
0.0,5920512,192,30836.0,30256.0,12032,52448,8380.8,"strata::kernels::<unnamed>::block_scores_tc_kernel(const float *, const float *, const int *, long, long, long, float *)"
0.0,5879008,192,30619.8,27136.0,24224,77184,8687.1,ampere_s16816gemm_bf16_64x64_sliced1x2_ldg8_stages_64x6_tn
0.0,5818304,192,30303.7,27600.0,23872,75840,8616.8,"strata::prefill::<unnamed>::split_q_kernel(const float *, float *, long)"
0.0,5552812,26,213569.7,174271.0,106751,467808,138582.0,"void strata::kernels::<unnamed>::gr_up_multi_kernel<(int)6, (bool)1>(strata::kernels::<unnamed>::GrMulti)"
0.0,5272352,34,155069.2,153472.0,36672,197568,35450.8,"void mul_mat_q<(ggml_type)42, (int)16, (bool)0>(const char *, const int *, const int *, const int *, float *, float *, const float *, uint3, int, int, int, int, int, uint3, uint3, int, int, int, uint3, uint3, int, int, int, uint3)"
0.0,5108480,33,154802.4,95072.0,32384,450496,135433.7,"void mul_mat_q<(ggml_type)21, (int)8, (bool)0>(const char *, const int *, const int *, const int *, float *, float *, const float *, uint3, int, int, int, int, int, uint3, uint3, int, int, int, uint3, uint3, int, int, int, uint3)"
0.0,5056638,94,53794.0,21984.0,13696,274495,55297.9,"void strata::kernels::<unnamed>::native_q4_k_mmvq_kernel<(bool)0>(const strata::kernels::<unnamed>::Q4KBlock *, const strata::kernels::<unnamed>::Q81Block *, float *, int, int)"
0.0,5012288,590,8495.4,5296.0,3168,46592,6304.2,"void strata::prefill::<unnamed>::rope_kernel<(bool)0>(float *, long, long, long, long, float, float, float, float, float, float, const int *, strata::kernels::RopeTab)"
0.0,4667494,84,55565.4,22368.0,12256,262303,62027.9,"void strata::kernels::<unnamed>::native_iq4_xs_mmvq_kernel<(bool)1>(const strata::kernels::<unnamed>::IQ4XSBlock *, const strata::kernels::<unnamed>::Q81Block *, float *, int, int)"
0.0,4535936,14,323995.4,287616.0,223712,633664,116323.7,"void mul_mat_q<(ggml_type)8, (int)128, (bool)0>(const char *, const int *, const int *, const int *, float *, float *, const float *, uint3, int, int, int, int, int, uint3, uint3, int, int, int, uint3, uint3, int, int, int, uint3)"
0.0,4372736,48,91098.7,78224.0,56736,200256,36260.2,"strata::kernels::<unnamed>::rms_rep_kernel(const float *, const float *, float *)"
0.0,4161531,392,10616.2,8447.0,3776,38015,6367.9,"void strata::kernels::<unnamed>::norm<(int)1024>(const float *, const float *, float *, int, float)"
0.0,4063964,176,23090.7,22560.0,21856,31904,1707.3,"void strata::kernels::<unnamed>::native_small_mmvq_kernel<strata::kernels::<unnamed>::Q80Block, (int)8, (bool)1>(const T1 *, const strata::kernels::<unnamed>::Q81Block *, float *, int, int)"
0.0,4054472,234,17326.8,10112.0,9535,36896,11475.6,"strata::kernels::<unnamed>::argmax_rows_kernel(const float *, int, int, strata::kernels::<unnamed>::ArgRow *, int *)"
0.0,4003424,912,4389.7,3168.0,3104,23328,2558.4,"void strata::kernels::<unnamed>::block_topk_reg_kernel<(int)33>(const float *, const int *, long, long, int *)"
0.0,3919916,22,178178.0,180479.0,109343,488544,104837.2,"void strata::kernels::<unnamed>::gr_down_staged_kernel<(int)6, (bool)1>(strata::kernels::<unnamed>::GrMulti)"
0.0,3795168,6,632528.0,547952.0,372512,1180128,295299.5,"void mul_mat_q<(ggml_type)23, (int)48, (bool)0>(const char *, const int *, const int *, const int *, float *, float *, const float *, uint3, int, int, int, int, int, uint3, uint3, int, int, int, uint3, uint3, int, int, int, uint3)"
0.0,3201484,60,53358.1,31696.0,21152,132095,40077.0,"void strata::kernels::<unnamed>::native_mmvq_multi_kernel<strata::kernels::<unnamed>::SmallTraits<strata::kernels::<unnamed>::Q80Block, (int)8>, (int)6, (int)4, (int)2, (bool)0, (bool)0>(const T1::Block *, const strata::kernels::<unnamed>::Q81Block *, float *, int, int, const T1::Block *, float *)"
0.0,3137024,26,120654.8,98560.0,29856,343776,87883.5,"void mul_mat_q<(ggml_type)22, (int)8, (bool)0>(const char *, const int *, const int *, const int *, float *, float *, const float *, uint3, int, int, int, int, int, uint3, uint3, int, int, int, uint3, uint3, int, int, int, uint3)"
0.0,3126904,72,43429.2,37647.0,35871,57759,8146.9,"void strata::kernels::<unnamed>::gdn_step_norm_multi_kernel<(bool)0, (bool)0>(float *, const float *, int, const float *, const float *, const float *, const float *, float, float *, int, int, int, const int *, int, strata::kernels::<unnamed>::GdnQ81 *)"
0.0,3068125,286,10727.7,7344.0,4256,60768,7755.5,"strata::kernels::<unnamed>::embed_rows_kernel(int, const unsigned char *, unsigned long, const int *, long, float *)"
0.0,3035264,576,5269.6,4896.0,3552,12864,1484.3,"strata::prefill::<unnamed>::gdn_gates_kernel(const float *, const float *, const float *, float *, float *, long)"
0.0,2953502,702,4207.3,4416.0,2944,10751,1474.6,"void strata::kernels::<unnamed>::weighted_rms_norm<(int)1024>(const float *, const float *, float *, int, float)"
0.0,2937361,894,3285.6,3104.0,2240,13055,1379.1,"strata::kernels::<unnamed>::gate(const float *, const float *, float *, int, int)"
0.0,2921760,234,12486.2,12224.0,10976,24640,1439.8,"strata::kernels::<unnamed>::history_advance_kernel(float *, const float *)"
0.0,2865922,94,30488.5,26703.5,23263,42400,6433.7,"void strata::kernels::<unnamed>::native_small_mmvq_kernel<strata::kernels::<unnamed>::IQ4NLBlock, (int)4, (bool)1>(const T1 *, const strata::kernels::<unnamed>::Q81Block *, float *, int, int)"
0.0,2831552,174,16273.3,14976.0,13824,50144,6082.9,"strata::kernels::<unnamed>::mtp_select_kernel(const float *, long, const int *, const int *, float *, int *, int *, int, const float *, float *)"
0.0,2662688,42,63397.3,40736.0,24928,222464,45628.2,"void mul_mat_q<(ggml_type)8, (int)64, (bool)0>(const char *, const int *, const int *, const int *, float *, float *, const float *, uint3, int, int, int, int, int, uint3, uint3, int, int, int, uint3, uint3, int, int, int, uint3)"
0.0,2431477,24,101311.5,67583.0,54559,213216,62191.2,"void strata::kernels::<unnamed>::gr_up_multi_kernel<(int)2, (bool)1>(strata::kernels::<unnamed>::GrMulti)"
0.0,2419072,4,604768.0,605424.0,560832,647392,47692.9,"void strata::kernels::<unnamed>::gr_down_staged_kernel<(int)8, (bool)0>(strata::kernels::<unnamed>::GrMulti)"
0.0,2359328,6,393221.3,393200.0,383648,402528,9679.0,"void strata::kernels::<unnamed>::gr_up_multi_kernel<(int)5, (bool)1>(strata::kernels::<unnamed>::GrMulti)"
0.0,2282208,32,71319.0,62656.0,53152,153088,22594.2,"strata::prefill::<unnamed>::gr_write_kernel(float *, const float *, const float *, long, long)"
0.0,2280736,206,11071.5,9984.0,7360,27552,3269.0,"strata::prefill::<unnamed>::kv_append_kernel(const float *, const float *, long, const int *, long, unsigned short *, unsigned short *, signed char *, signed char *, unsigned short *, unsigned short *, strata::kernels::KvHostPools, strata::kernels::KvHostPools)"
0.0,2211872,46,48084.2,43024.0,29696,109472,17138.5,"strata::prefill::<unnamed>::gr_norm_rs_kernel(const float *, const float *, float, float *, unsigned short *, unsigned short *, long)"
0.0,2178674,54,40345.8,27040.0,15328,80448,24022.0,"void strata::kernels::<unnamed>::native_mmvq_multi_kernel<strata::kernels::<unnamed>::SmallTraits<strata::kernels::<unnamed>::Q80Block, (int)8>, (int)2, (int)4, (int)2, (bool)0, (bool)0>(const T1::Block *, const strata::kernels::<unnamed>::Q81Block *, float *, int, int, const T1::Block *, float *)"
0.0,2004827,12,167068.9,176687.5,63583,265792,96675.3,"void strata::kernels::<unnamed>::gr_up_multi_kernel<(int)3, (bool)1>(strata::kernels::<unnamed>::GrMulti)"
0.0,1849313,210,8806.3,2559.0,2399,101760,14080.6,"strata::kernels::<unnamed>::add_streams_broadcast_kernel(const float *, const float *, float *, long, int)"
0.0,1770363,20,88518.1,78944.0,55807,189920,33812.7,"void strata::kernels::<unnamed>::gr_down_staged_kernel<(int)2, (bool)1>(strata::kernels::<unnamed>::GrMulti)"
0.0,1729790,174,9941.3,9280.0,7808,31264,3186.1,"strata::kernels::<unnamed>::route(const float *, int *, float *)"
0.0,1590656,16,99416.0,80224.0,67200,233184,46745.2,"strata::kernels::<unnamed>::conv_residual_batch_kernel(const float *, const float *, const unsigned short *, float *, const float *, int)"
0.0,1308187,174,7518.3,6720.0,6496,36640,3320.8,"strata::kernels::<unnamed>::row_top_prob_split_kernel(const float *, int, const int *, float *, strata::kernels::<unnamed>::TopRow *)"
0.0,1307872,192,6811.8,6400.0,4320,12832,1215.7,"void strata::kernels::<unnamed>::append_blocks<(bool)0>(const float *, long, long, int, const float *, float, const float *, const float *, float *, int *, long, long, float, float, float, float, float, float, const int *, strata::kernels::RopeTab)"
0.0,1258304,3,419434.7,433568.0,325280,499456,87943.9,"void mul_mat_q<(ggml_type)23, (int)40, (bool)0>(const char *, const int *, const int *, const int *, float *, float *, const float *, uint3, int, int, int, int, int, uint3, uint3, int, int, int, uint3, uint3, int, int, int, uint3)"
0.0,1242688,250,4970.8,1856.0,1760,96960,11578.6,"strata::kernels::<unnamed>::gate_kernel(const float *, const float *, float *, float)"
0.0,1164601,174,6693.1,6464.0,6079,20992,1309.9,"strata::kernels::<unnamed>::group_resident_kernel(const int *, int, int, const unsigned char *, long long, unsigned long long *, int *, int *, int *, int *)"
0.0,1061088,4,265272.0,254880.0,109600,441728,156453.8,"void mul_mat_q<(ggml_type)23, (int)32, (bool)0>(const char *, const int *, const int *, const int *, float *, float *, const float *, uint3, int, int, int, int, int, uint3, uint3, int, int, int, uint3, uint3, int, int, int, uint3)"
0.0,1051579,8,131447.4,90687.0,65247,276576,89712.9,"void strata::kernels::<unnamed>::gr_down_staged_kernel<(int)3, (bool)1>(strata::kernels::<unnamed>::GrMulti)"
0.0,1048709,294,3567.0,2384.0,2240,11392,1550.5,"strata::kernels::<unnamed>::post(const float *, const float *, const float *, float *, int, int, float)"
0.0,1040448,17,61202.8,38880.0,14912,164128,52709.1,"void mul_mat_q<(ggml_type)42, (int)8, (bool)0>(const char *, const int *, const int *, const int *, float *, float *, const float *, uint3, int, int, int, int, int, uint3, uint3, int, int, int, uint3, uint3, int, int, int, uint3)"
0.0,949369,174,5456.1,5215.0,3807,16128,1686.0,"strata::kernels::<unnamed>::swiglu_quantize_q8_0_scaled_kernel(float *, long long, unsigned char *, float *)"
0.0,930112,4,232528.0,273712.0,67168,315520,114776.8,"void mul_mat_q<(ggml_type)23, (int)16, (bool)0>(const char *, const int *, const int *, const int *, float *, float *, const float *, uint3, int, int, int, int, int, uint3, uint3, int, int, int, uint3, uint3, int, int, int, uint3)"
0.0,910688,51,17856.6,17248.0,8352,41088,4641.1,"void mul_mat_q_stream_k_fixup<(ggml_type)22, (int)64, (bool)0>(const int *, const int *, float *, float *, uint3, int, int, int, uint3, int, uint3, int, uint3)"
0.0,892992,192,4651.0,4304.0,3072,11296,1429.0,"strata::kernels::<unnamed>::block_scores_tail_kernel(const float *, const float *, const int *, long, float *)"
0.0,881459,230,3832.4,2624.0,1696,12768,2966.7,"void strata::kernels::<unnamed>::apply<(bool)0>(const float *, float *, int, int, int, float, float, float, float, float, float, const int *, const int *, strata::kernels::RopeTab)"
0.0,840736,58,14495.4,11840.0,8160,50016,8287.2,"strata::kernels::<unnamed>::copy_indexed_kernel(float *, const float *, long, const int *, long)"
0.0,813184,2,406592.0,406592.0,404864,408320,2443.8,"void strata::kernels::<unnamed>::gr_down_staged_kernel<(int)5, (bool)1>(strata::kernels::<unnamed>::GrMulti)"
0.0,781408,234,3339.4,2352.0,2240,8736,1705.6,"strata::kernels::<unnamed>::conv_residual_kernel(const float *, const float *, const unsigned short *, const float *, const float *, float *, float *)"
0.0,777756,174,4469.9,4160.0,3936,12256,1042.4,"strata::kernels::<unnamed>::quantize_q8_0_scaled_kernel(const float *, unsigned char *, float *, long long)"
0.0,767008,16,47938.0,40416.0,33408,103712,19692.5,"strata::kernels::<unnamed>::broadcast_batch_kernel(const float *, const float *, float *, int)"
0.0,745406,174,4283.9,2496.0,2144,12992,2988.8,strata::kernels::copy_from_mapped_multi_kernel(strata::kernels::MappedCopies)
0.0,699642,18,38869.0,23647.5,15168,87359,26427.5,"void strata::kernels::<unnamed>::native_mmvq_multi_kernel<strata::kernels::<unnamed>::SmallTraits<strata::kernels::<unnamed>::Q80Block, (int)8>, (int)3, (int)4, (int)2, (bool)0, (bool)0>(const T1::Block *, const strata::kernels::<unnamed>::Q81Block *, float *, int, int, const T1::Block *, float *)"
0.0,683680,16,42730.0,42560.0,37824,48032,4462.6,strata::kernels::<unnamed>::gr_norm_multi_kernel(strata::kernels::<unnamed>::GrMulti)
0.0,636992,42,15166.5,13408.0,7552,35776,6749.4,"void mul_mat_q_stream_k_fixup<(ggml_type)8, (int)64, (bool)0>(const int *, const int *, float *, float *, uint3, int, int, int, uint3, int, uint3, int, uint3)"
0.0,617472,192,3216.0,2880.0,2144,8096,900.5,"strata::kernels::<unnamed>::append_tail(const float *, long, long, float *)"
0.0,606912,16,37932.0,30304.0,21952,95008,20571.5,"strata::prefill::<unnamed>::gr_broadcast_kernel(const float *, float *, long)"
0.0,595904,72,8276.4,7872.0,6464,11392,1325.5,"void strata::kernels::<unnamed>::gdn_ab_multi_kernel<(int)1, (bool)1>(const float *, const unsigned short *, const unsigned short *, const float *, const float *, float *, float *, int, int, int)"
0.0,582430,174,3347.3,3136.0,2816,11391,943.0,"strata::kernels::<unnamed>::map_ids_kernel(int *, const int *, int)"
0.0,493696,5,98739.2,56896.0,41952,232384,80218.2,"void mul_mat_q<(ggml_type)23, (int)8, (bool)0>(const char *, const int *, const int *, const int *, float *, float *, const float *, uint3, int, int, int, int, int, uint3, uint3, int, int, int, uint3, uint3, int, int, int, uint3)"
0.0,479488,14,34249.1,32304.0,27296,54688,7990.0,"void mul_mat_q_stream_k_fixup<(ggml_type)8, (int)128, (bool)0>(const int *, const int *, float *, float *, uint3, int, int, int, uint3, int, uint3, int, uint3)"
0.0,459616,234,1964.2,1824.0,1728,3040,256.2,"strata::kernels::<unnamed>::broadcast_kernel(const float *, const float *, float *)"
0.0,405568,21,19312.8,19296.0,6592,34144,7401.8,"void mul_mat_q_stream_k_fixup<(ggml_type)18, (int)64, (bool)0>(const int *, const int *, float *, float *, uint3, int, int, int, uint3, int, uint3, int, uint3)"
0.0,402955,58,6947.5,6767.5,2432,15199,4314.6,"void strata::kernels::<unnamed>::norm<(int)256>(const float *, const float *, float *, int, float)"
0.0,396350,36,11009.7,9392.0,4736,23328,4925.0,"strata::kernels::<unnamed>::copy_row_to_first_kernel(const int *, float *, long, float *, long, float *, long)"
0.0,349280,16,21830.0,17648.0,13216,51936,11062.5,"strata::kernels::<unnamed>::history_batch_kernel(float *, const float *, int)"
0.0,346528,16,21658.0,17952.0,14496,47616,9277.1,"strata::prefill::<unnamed>::to_bf16_kernel(const float *, unsigned short *, unsigned short *, long)"
0.0,325088,2,162544.0,162544.0,153504,171584,12784.5,strata::kernels::<unnamed>::gr_up_kernel(strata::kernels::FusedGrArgs)
0.0,299360,2,149680.0,149680.0,146272,153088,4819.6,strata::kernels::<unnamed>::gr_down_kernel(strata::kernels::FusedGrArgs)
0.0,262144,41,6393.8,5120.0,4064,15648,3098.7,"void mul_mat_q_stream_k_fixup<(ggml_type)20, (int)8, (bool)0>(const int *, const int *, float *, float *, uint3, int, int, int, uint3, int, uint3, int, uint3)"
0.0,215872,60,3597.9,3584.0,2496,5568,362.8,"strata::kernels::<unnamed>::broadcast_streams_kernel(const float *, float *, long, int)"
0.0,202368,31,6528.0,5632.0,4384,12736,2168.8,"void mul_mat_q_stream_k_fixup<(ggml_type)20, (int)16, (bool)0>(const int *, const int *, float *, float *, uint3, int, int, int, uint3, int, uint3, int, uint3)"
0.0,190496,27,7055.4,6592.0,3936,14080,2342.6,"void mul_mat_q_stream_k_fixup<(ggml_type)18, (int)16, (bool)0>(const int *, const int *, float *, float *, uint3, int, int, int, uint3, int, uint3, int, uint3)"
0.0,185664,14,13261.7,11408.0,6016,21216,4191.6,"void mul_mat_q_stream_k_fixup<(ggml_type)18, (int)40, (bool)0>(const int *, const int *, float *, float *, uint3, int, int, int, uint3, int, uint3, int, uint3)"
0.0,165952,24,6914.7,6416.0,3744,10240,1661.2,"void strata::kernels::<unnamed>::append_first<(bool)0>(const float *, const float *, float, float *, float *, float, float, float, float, float, float, const int *, strata::kernels::RopeTab)"
0.0,148640,12,12386.7,11056.0,8672,22912,3761.4,"void mul_mat_q_stream_k_fixup<(ggml_type)22, (int)40, (bool)0>(const int *, const int *, float *, float *, uint3, int, int, int, uint3, int, uint3, int, uint3)"
0.0,144384,20,7219.2,6160.0,4160,15520,3286.5,"void mul_mat_q_stream_k_fixup<(ggml_type)22, (int)8, (bool)0>(const int *, const int *, float *, float *, uint3, int, int, int, uint3, int, uint3, int, uint3)"
0.0,139872,22,6357.8,5728.0,4064,14144,2141.4,"void mul_mat_q_stream_k_fixup<(ggml_type)21, (int)8, (bool)0>(const int *, const int *, float *, float *, uint3, int, int, int, uint3, int, uint3, int, uint3)"
0.0,128608,15,8573.9,8960.0,4768,14048,2352.1,"void mul_mat_q_stream_k_fixup<(ggml_type)18, (int)24, (bool)0>(const int *, const int *, float *, float *, uint3, int, int, int, uint3, int, uint3, int, uint3)"
0.0,123872,17,7286.6,6880.0,4576,11520,1861.2,"void mul_mat_q_stream_k_fixup<(ggml_type)22, (int)16, (bool)0>(const int *, const int *, float *, float *, uint3, int, int, int, uint3, int, uint3, int, uint3)"
0.0,123584,14,8827.4,7952.0,5600,14752,2487.6,"void mul_mat_q_stream_k_fixup<(ggml_type)20, (int)24, (bool)0>(const int *, const int *, float *, float *, uint3, int, int, int, uint3, int, uint3, int, uint3)"
0.0,123456,13,9496.6,9536.0,6432,12704,1767.1,"void mul_mat_q_stream_k_fixup<(ggml_type)21, (int)24, (bool)0>(const int *, const int *, float *, float *, uint3, int, int, int, uint3, int, uint3, int, uint3)"
0.0,96736,17,5690.4,5024.0,4160,10592,1816.6,"void mul_mat_q_stream_k_fixup<(ggml_type)18, (int)8, (bool)0>(const int *, const int *, float *, float *, uint3, int, int, int, uint3, int, uint3, int, uint3)"
0.0,93312,7,13330.3,13184.0,6144,16640,3690.1,"void mul_mat_q_stream_k_fixup<(ggml_type)18, (int)48, (bool)0>(const int *, const int *, float *, float *, uint3, int, int, int, uint3, int, uint3, int, uint3)"
0.0,92768,11,8433.5,7616.0,4448,12256,2411.4,"void mul_mat_q_stream_k_fixup<(ggml_type)22, (int)24, (bool)0>(const int *, const int *, float *, float *, uint3, int, int, int, uint3, int, uint3, int, uint3)"
0.0,85536,8,10692.0,10400.0,8576,13056,1523.4,"void mul_mat_q_stream_k_fixup<(ggml_type)18, (int)32, (bool)0>(const int *, const int *, float *, float *, uint3, int, int, int, uint3, int, uint3, int, uint3)"
0.0,68384,5,13676.8,15008.0,7808,16384,3459.5,"void mul_mat_q_stream_k_fixup<(ggml_type)21, (int)48, (bool)0>(const int *, const int *, float *, float *, uint3, int, int, int, uint3, int, uint3, int, uint3)"
0.0,68224,16,4264.0,3696.0,3104,8928,1571.5,"strata::prefill::mmq::<unnamed>::iota_kernel(int *, long)"
0.0,64992,7,9284.6,9536.0,7104,12064,1721.6,"void mul_mat_q_stream_k_fixup<(ggml_type)22, (int)32, (bool)0>(const int *, const int *, float *, float *, uint3, int, int, int, uint3, int, uint3, int, uint3)"
0.0,63392,4,15848.0,14208.0,11008,23968,5629.8,"void mul_mat_q_stream_k_fixup<(ggml_type)22, (int)48, (bool)0>(const int *, const int *, float *, float *, uint3, int, int, int, uint3, int, uint3, int, uint3)"
0.0,61856,6,10309.3,9712.0,7328,15424,3047.2,"void mul_mat_q_stream_k_fixup<(ggml_type)42, (int)64, (bool)0>(const int *, const int *, float *, float *, uint3, int, int, int, uint3, int, uint3, int, uint3)"
0.0,50976,7,7282.3,6240.0,5632,11648,2108.2,"void mul_mat_q_stream_k_fixup<(ggml_type)20, (int)40, (bool)0>(const int *, const int *, float *, float *, uint3, int, int, int, uint3, int, uint3, int, uint3)"
0.0,49248,3,16416.0,17216.0,14752,17280,1441.4,"void mul_mat_q_stream_k_fixup<(ggml_type)21, (int)64, (bool)0>(const int *, const int *, float *, float *, uint3, int, int, int, uint3, int, uint3, int, uint3)"
0.0,42816,4,10704.0,10448.0,6208,15712,4448.4,"void mul_mat_q_stream_k_fixup<(ggml_type)20, (int)48, (bool)0>(const int *, const int *, float *, float *, uint3, int, int, int, uint3, int, uint3, int, uint3)"
0.0,38944,8,4868.0,4592.0,4160,5824,707.4,"void mul_mat_q_stream_k_fixup<(ggml_type)42, (int)8, (bool)0>(const int *, const int *, float *, float *, uint3, int, int, int, uint3, int, uint3, int, uint3)"
0.0,35680,5,7136.0,7392.0,5696,8224,977.2,"void mul_mat_q_stream_k_fixup<(ggml_type)21, (int)16, (bool)0>(const int *, const int *, float *, float *, uint3, int, int, int, uint3, int, uint3, int, uint3)"
0.0,34016,4,8504.0,7760.0,5120,13376,3842.5,"void mul_mat_q_stream_k_fixup<(ggml_type)23, (int)8, (bool)0>(const int *, const int *, float *, float *, uint3, int, int, int, uint3, int, uint3, int, uint3)"
0.0,32896,4,8224.0,7920.0,6496,10560,1732.1,"void mul_mat_q_stream_k_fixup<(ggml_type)20, (int)32, (bool)0>(const int *, const int *, float *, float *, uint3, int, int, int, uint3, int, uint3, int, uint3)"
0.0,28416,2,14208.0,14208.0,11296,17120,4118.2,"void mul_mat_q_stream_k_fixup<(ggml_type)20, (int)64, (bool)0>(const int *, const int *, float *, float *, uint3, int, int, int, uint3, int, uint3, int, uint3)"
0.0,25376,5,5075.2,5120.0,4128,6240,775.5,"void mul_mat_q_stream_k_fixup<(ggml_type)42, (int)24, (bool)0>(const int *, const int *, float *, float *, uint3, int, int, int, uint3, int, uint3, int, uint3)"
0.0,23616,2,11808.0,11808.0,8800,14816,4254.0,"void mul_mat_q_stream_k_fixup<(ggml_type)23, (int)16, (bool)0>(const int *, const int *, float *, float *, uint3, int, int, int, uint3, int, uint3, int, uint3)"
0.0,22496,2,11248.0,11248.0,10144,12352,1561.3,"void mul_mat_q_stream_k_fixup<(ggml_type)23, (int)32, (bool)0>(const int *, const int *, float *, float *, uint3, int, int, int, uint3, int, uint3, int, uint3)"
0.0,16032,2,8016.0,8016.0,5696,10336,3281.0,"void mul_mat_q_stream_k_fixup<(ggml_type)42, (int)32, (bool)0>(const int *, const int *, float *, float *, uint3, int, int, int, uint3, int, uint3, int, uint3)"
0.0,13824,1,13824.0,13824.0,13824,13824,0.0,"void mul_mat_q_stream_k_fixup<(ggml_type)21, (int)32, (bool)0>(const int *, const int *, float *, float *, uint3, int, int, int, uint3, int, uint3, int, uint3)"
0.0,11616,1,11616.0,11616.0,11616,11616,0.0,"void mul_mat_q_stream_k_fixup<(ggml_type)21, (int)40, (bool)0>(const int *, const int *, float *, float *, uint3, int, int, int, uint3, int, uint3, int, uint3)"
