cell,paired_blocks,variant,median_prompt_tps,median_decode_tps,median_client_ttft_s,median_client_total_s
pp512+tg64,4,baseline,64.94103010663113,20.159288092914075,7.946732027514372,11.031357482541353
pp512+tg64,4,candidate,66.48151641941953,20.087981456302217,7.758378611528315,10.895204585511237
historical-repeat-256,4,baseline,65.58851352343468,17.129717910546475,16.360348006535787,20.04793207946932
historical-repeat-256,4,candidate,66.54215457044006,16.89283841787107,16.12261815252714,19.859610238985624
historical-repeat-32,4,baseline,57.269781173006436,19.900022726184055,3.081146505952347,6.252749094041064
historical-repeat-32,4,candidate,58.08347544971881,19.99482895718041,3.018436621001456,6.1548938624328
historical-repeat-128,4,baseline,64.85634533455136,20.999961773816608,8.646937942539807,11.643011490930803
historical-repeat-128,4,candidate,64.20163255064878,21.062917297979084,8.738423969014548,11.699153773020953
pp2048+tg128,4,baseline,68.70536746211309,19.2178739139341,29.868265123513993,36.46569351153448
pp2048+tg128,4,candidate,69.3344825170563,19.383127452607813,29.596918813476805,36.26714065746637
